id_cliente,idade,sexo,estado_civil,dependentes,renda_mensal,score_credito,valor_emprestimo,prazo_meses,parcela_mensal,comprometimento_renda,atrasos_ultimos_12m,tempo_relacionamento_anos,inadimplente
1,56,M,Solteiro,0,3409.59,395,5849.94,12,487.49,0.143,4,2.9,1
2,69,F,Casado,0,6758.01,339,23488.49,24,978.69,0.1448,2,3.8,1
3,46,F,Casado,3,3213.56,643,18463.7,24,769.32,0.2394,0,16.6,0
4,32,F,Casado,0,2303.9,482,17507.29,12,1458.94,0.6332,0,11.9,0
5,60,M,Casado,3,3207.92,511,22977.78,12,1914.81,0.5969,0,7.1,1
6,25,M,Divorciado,1,4129.78,945,26758.58,36,743.29,0.18,0,16.2,0
7,38,F,Casado,3,3069.64,734,20336.08,36,564.89,0.184,1,5.3,0
8,56,F,Casado,2,3054.45,864,17784.24,36,494.01,0.1617,3,19.5,0
9,36,M,Divorciado,4,1956.29,476,6244.21,36,173.45,0.0887,0,7.2,1
10,40,F,Casado,1,2002.72,260,14813.65,36,411.49,0.2055,1,7.1,0
11,28,F,Solteiro,2,1284.9,518,7529.21,12,627.43,0.4883,2,6.6,0
12,28,F,Solteiro,1,8516.37,251,43798.53,36,1216.63,0.1429,0,2.9,0
13,41,M,Casado,1,1413.3,352,3139.55,60,52.33,0.037,0,2.7,0
14,70,M,Casado,2,1966.98,948,8666.24,36,240.73,0.1224,0,13.1,0
15,53,M,Casado,3,1937.12,510,8702.18,36,241.73,0.1248,0,17.6,0
16,57,F,Solteiro,4,5099.79,743,36308.79,24,1512.87,0.2967,4,15.9,0
17,41,F,Solteiro,2,2497.46,766,12620.2,48,262.92,0.1053,0,3.3,0
18,20,F,Solteiro,1,6302.14,588,25035.9,48,521.58,0.0828,0,11.1,0
19,39,M,Casado,1,1990.03,747,15620.15,36,433.89,0.218,0,2.6,0
20,70,F,Casado,2,3524.16,821,7822.52,60,130.38,0.037,5,1.4,0
21,19,F,Casado,0,1805.86,376,7668.7,12,639.06,0.3539,0,13.3,1
22,41,F,Casado,0,10797.71,561,19146.07,12,1595.51,0.1478,0,10.9,0
23,61,F,Divorciado,1,1461.83,513,9223.24,48,192.15,0.1314,0,2.1,0
24,47,M,Solteiro,0,3589.95,296,26807.94,48,558.5,0.1556,0,1.2,1
25,55,M,Casado,0,4360.17,412,14476.82,12,1206.4,0.2767,0,19.8,0
26,19,F,Casado,0,3821.05,336,27050.06,24,1127.09,0.295,1,1.1,0
27,38,M,Casado,0,2667.31,205,9067.3,12,755.61,0.2833,0,9.2,0
28,50,M,Casado,0,2757.58,308,20461.26,24,852.55,0.3092,0,10.3,0
29,29,F,Divorciado,4,3060.36,746,19588.61,48,408.1,0.1334,2,2.8,0
30,39,F,Divorciado,1,2729.3,238,18373.36,36,510.37,0.187,0,3.8,1
31,61,M,Solteiro,1,5315.21,861,8594.92,24,358.12,0.0674,0,7.4,0
32,42,F,Divorciado,2,11229.66,624,87122.7,24,3630.11,0.3233,0,15.4,0
33,66,M,Casado,0,2133.47,829,13277.35,12,1106.45,0.5186,4,10.4,0
34,44,F,Solteiro,3,1310.44,460,4561.49,24,190.06,0.145,0,12.9,0
35,59,M,Casado,2,2827.17,625,19482.21,36,541.17,0.1914,3,19.7,0
36,45,F,Viúvo,0,14014.19,286,46665.68,60,777.76,0.0555,2,15.5,0
37,33,M,Casado,1,1840.5,664,13201.72,48,275.04,0.1494,0,9.0,1
38,32,M,Solteiro,3,7970.24,275,17787.76,12,1482.31,0.186,5,9.2,1
39,64,M,Casado,3,8156.91,670,49544.74,48,1032.18,0.1265,0,12.6,0
40,68,F,Solteiro,1,2138.47,613,10723.44,48,223.4,0.1045,0,13.5,0
41,61,M,Solteiro,2,4193.91,925,8922.43,48,185.88,0.0443,2,10.3,0
42,72,M,Solteiro,0,7919.14,656,24330.05,36,675.83,0.0853,1,13.1,0
43,69,F,Solteiro,4,2374.46,484,3753.13,24,156.38,0.0659,1,1.0,0
44,74,F,Solteiro,0,2638.2,438,11995.87,24,499.83,0.1895,0,8.9,0
45,20,M,Solteiro,3,2102.73,876,7271.71,12,605.98,0.2882,0,5.9,0
46,54,M,Casado,2,1621.56,798,8739.11,24,364.13,0.2246,2,3.0,0
47,68,F,Solteiro,2,2019.15,852,6929.82,24,288.74,0.143,0,2.4,0
48,24,F,Solteiro,1,1430.29,871,4933.75,36,137.05,0.0958,0,12.3,0
49,38,F,Divorciado,0,3042.55,757,19261.64,48,401.28,0.1319,0,10.7,0
50,26,F,Casado,0,1878.1,571,3404.86,36,94.58,0.0504,0,5.4,0
51,56,F,Casado,0,3429.85,694,25273.94,12,2106.16,0.6141,3,9.7,0
52,35,M,Solteiro,0,1200.0,823,8447.66,60,140.79,0.1173,0,10.1,0
53,21,F,Solteiro,2,3635.6,244,21234.56,60,353.91,0.0973,5,4.3,0
54,42,M,Solteiro,1,4915.35,600,26326.32,48,548.46,0.1116,0,13.2,0
55,31,M,Solteiro,0,1200.0,446,8759.96,60,146.0,0.1217,1,15.7,0
56,67,M,Solteiro,4,3731.01,815,10091.06,36,280.31,0.0751,0,15.9,0
57,26,F,Solteiro,3,6226.7,796,12536.21,60,208.94,0.0336,0,12.2,0
58,43,M,Solteiro,3,1442.62,649,4409.82,12,367.48,0.2547,0,10.5,1
59,70,M,Solteiro,4,8131.85,684,54196.82,24,2258.2,0.2777,0,1.7,0
60,19,F,Casado,0,3833.03,845,6613.34,24,275.56,0.0719,0,6.1,1
61,37,M,Solteiro,1,1952.75,819,10326.62,24,430.28,0.2203,5,2.3,0
62,45,M,Casado,2,2882.86,217,22977.39,12,1914.78,0.6642,1,19.3,1
63,64,F,Casado,2,4167.19,805,29428.8,36,817.47,0.1962,0,3.1,0
64,24,M,Casado,0,3120.05,861,15255.16,48,317.82,0.1019,0,3.5,0
65,61,M,Solteiro,3,4118.54,957,7881.51,36,218.93,0.0532,0,17.8,0
66,25,M,Casado,0,1715.73,488,11845.28,12,987.11,0.5753,1,18.9,0
67,64,F,Casado,0,3299.8,613,17797.01,48,370.77,0.1124,2,15.4,1
68,52,F,Solteiro,1,1276.36,920,2868.06,36,79.67,0.0624,4,0.6,0
69,31,F,Divorciado,2,2788.51,837,5883.96,24,245.16,0.0879,0,0.5,0
70,34,M,Divorciado,2,1733.08,434,12846.58,36,356.85,0.2059,0,7.9,0
71,53,M,Solteiro,0,1917.32,615,11215.94,24,467.33,0.2437,0,3.3,0
72,67,F,Solteiro,3,6258.25,698,43121.62,24,1796.73,0.2871,1,0.9,0
73,57,M,Divorciado,0,5737.54,833,41386.96,60,689.78,0.1202,1,9.5,0
74,21,M,Casado,0,4296.19,849,22411.16,24,933.8,0.2174,1,18.9,0
75,19,F,Solteiro,3,1547.83,314,7527.72,36,209.1,0.1351,1,6.8,0
76,23,F,Solteiro,4,2465.51,873,10596.22,48,220.75,0.0895,0,13.4,0
77,71,M,Casado,3,6172.5,912,21975.04,48,457.81,0.0742,2,13.2,0
78,59,M,Casado,3,3245.52,433,14036.46,12,1169.7,0.3604,0,5.4,1
79,21,M,Casado,2,11987.24,739,78279.29,12,6523.27,0.5442,1,13.2,0
80,71,F,Casado,2,3774.38,210,20428.84,12,1702.4,0.451,0,4.6,1
81,46,F,Casado,0,3345.03,405,24423.41,36,678.43,0.2028,0,2.9,0
82,35,F,Casado,1,2476.32,878,10851.16,36,301.42,0.1217,3,14.2,0
83,43,F,Solteiro,1,3229.64,446,17588.89,12,1465.74,0.4538,3,2.7,0
84,61,M,Solteiro,0,2720.36,758,15243.53,60,254.06,0.0934,2,19.9,0
85,51,F,Casado,2,4559.03,957,24372.72,36,677.02,0.1485,0,4.1,0
86,27,F,Divorciado,1,5292.37,326,32109.44,24,1337.89,0.2528,1,12.1,0
87,53,F,Casado,0,1860.14,346,5661.0,36,157.25,0.0845,0,8.5,1
88,31,F,Casado,0,1341.12,317,6478.1,36,179.95,0.1342,2,3.0,1
89,48,F,Solteiro,2,1200.0,581,2612.95,12,217.75,0.1815,0,1.0,0
90,65,M,Casado,0,4043.21,611,16170.11,24,673.75,0.1666,4,12.6,0
91,32,M,Casado,3,1537.6,863,7180.34,48,149.59,0.0973,3,16.2,0
92,25,F,Solteiro,1,1200.0,783,6887.35,36,191.32,0.1594,1,16.9,1
93,31,M,Solteiro,1,3763.66,562,28899.08,36,802.75,0.2133,0,9.9,0
94,40,F,Casado,2,13303.73,708,71896.44,36,1997.12,0.1501,0,15.7,0
95,74,F,Solteiro,3,2970.12,336,18810.84,12,1567.57,0.5278,2,13.6,0
96,57,M,Solteiro,1,4930.0,374,23618.3,24,984.1,0.1996,0,14.6,0
97,38,M,Solteiro,2,3130.97,488,17601.3,36,488.92,0.1562,2,10.1,0
98,33,F,Solteiro,2,2809.23,680,5509.07,24,229.54,0.0817,0,12.9,0
99,62,F,Solteiro,0,5174.23,218,16317.17,12,1359.76,0.2628,0,16.2,0
100,35,F,Divorciado,3,2504.48,394,9647.37,48,200.99,0.0803,3,8.3,1
101,64,M,Casado,2,3499.71,529,15997.9,60,266.63,0.0762,1,16.2,0
102,70,F,Casado,2,3615.62,374,6496.25,48,135.34,0.0374,1,12.0,0
103,41,F,Casado,3,1996.49,648,4811.85,48,100.25,0.0502,1,3.7,1
104,43,F,Casado,3,5405.79,553,17835.29,24,743.14,0.1375,0,1.0,0
105,42,M,Solteiro,2,2683.89,698,20974.5,60,349.58,0.1303,2,7.6,0
106,62,F,Casado,3,1894.2,340,6920.94,24,288.37,0.1522,0,11.2,0
107,58,F,Casado,2,4112.99,957,19056.58,60,317.61,0.0772,3,16.9,0
108,46,M,Casado,2,1738.75,292,4824.4,60,80.41,0.0462,3,3.0,1
109,32,F,Casado,2,3031.79,438,16584.1,48,345.5,0.114,0,16.1,0
110,62,F,Solteiro,2,2964.69,404,9855.94,60,164.27,0.0554,1,17.3,0
111,18,M,Solteiro,0,5718.93,759,16272.94,36,452.03,0.079,1,3.4,0
112,42,F,Casado,3,3963.25,632,19252.37,24,802.18,0.2024,0,17.1,0
113,24,M,Casado,3,2936.53,444,4509.89,36,125.27,0.0427,5,19.8,0
114,26,M,Casado,0,4869.08,516,7546.18,36,209.62,0.0431,0,14.7,0
115,41,F,Casado,3,6864.54,494,20071.55,12,1672.63,0.2437,0,15.8,0
116,18,F,Viúvo,0,4165.89,839,7243.19,36,201.2,0.0483,0,19.9,0
117,61,F,Casado,1,2999.53,481,6605.47,60,110.09,0.0367,0,12.3,0
118,25,F,Solteiro,2,1356.82,216,5023.75,24,209.32,0.1543,1,6.5,0
119,41,M,Solteiro,0,1573.3,270,10567.55,48,220.16,0.1399,2,16.8,1
120,28,F,Solteiro,3,2482.11,468,12952.43,60,215.87,0.087,1,12.5,1
121,68,M,Solteiro,3,2067.91,524,9992.84,60,166.55,0.0805,1,11.8,0
122,34,F,Solteiro,1,2664.62,993,9080.17,60,151.34,0.0568,0,5.4,0
123,25,F,Solteiro,0,3084.02,504,23304.09,36,647.34,0.2099,0,15.2,0
124,52,F,Solteiro,0,4096.2,650,16714.94,60,278.58,0.068,0,2.1,0
125,52,M,Solteiro,2,2857.5,206,5903.89,48,123.0,0.043,0,18.5,1
126,50,F,Divorciado,4,3991.41,513,21996.39,24,916.52,0.2296,1,6.9,0
127,22,F,Solteiro,2,3098.53,302,6940.55,36,192.79,0.0622,0,3.0,1
128,59,F,Casado,0,1200.0,392,4492.74,48,93.6,0.078,0,9.1,0
129,56,F,Casado,2,1696.63,952,8140.73,24,339.2,0.1999,0,1.3,0
130,58,M,Viúvo,1,2734.07,773,19637.31,36,545.48,0.1995,4,13.9,0
131,45,F,Solteiro,2,1442.57,728,6791.7,36,188.66,0.1308,4,18.1,0
132,24,M,Casado,0,4272.51,370,25911.41,24,1079.64,0.2527,1,16.8,0
133,26,M,Viúvo,2,7468.51,736,59399.37,36,1649.98,0.2209,3,3.0,0
134,25,M,Divorciado,1,6193.51,450,14583.73,48,303.83,0.0491,2,3.0,0
135,29,M,Divorciado,4,2622.63,964,8617.32,36,239.37,0.0913,1,16.4,0
136,51,M,Solteiro,1,7291.29,586,29637.23,12,2469.77,0.3387,0,18.5,0
137,50,M,Solteiro,2,3259.08,406,13824.64,12,1152.05,0.3535,2,9.5,0
138,65,F,Casado,3,2435.11,740,10158.39,24,423.27,0.1738,1,10.2,0
139,72,M,Divorciado,0,2063.09,828,15265.78,60,254.43,0.1233,1,6.7,0
140,40,M,Casado,3,2486.22,615,15268.4,24,636.18,0.2559,2,17.9,0
141,41,M,Casado,2,2361.6,993,12873.99,36,357.61,0.1514,0,13.1,0
142,54,F,Solteiro,0,3301.89,579,11592.68,24,483.03,0.1463,1,6.1,0
143,52,F,Casado,1,3282.45,343,22500.0,24,937.5,0.2856,3,6.3,0
144,61,M,Solteiro,2,2986.41,224,23018.93,48,479.56,0.1606,0,17.9,0
145,57,F,Solteiro,0,3874.47,867,26492.81,48,551.93,0.1425,1,0.8,0
146,39,M,Casado,2,6089.91,272,9196.82,12,766.4,0.1258,0,6.8,0
147,44,M,Casado,1,5269.72,831,29703.35,36,825.09,0.1566,1,11.3,0
148,52,F,Solteiro,2,1223.0,292,2241.0,12,186.75,0.1527,2,3.4,1
149,18,M,Solteiro,0,1200.0,704,3809.34,36,105.82,0.0882,0,2.3,0
150,52,F,Casado,3,5221.77,797,9853.01,36,273.69,0.0524,1,16.4,0
151,54,F,Solteiro,4,1312.74,535,7121.18,12,593.43,0.4521,0,17.9,0
152,64,M,Casado,4,2604.88,624,15532.47,24,647.19,0.2485,1,16.6,0
153,31,M,Solteiro,2,1477.24,698,3315.18,24,138.13,0.0935,0,18.0,0
154,20,F,Casado,0,1200.0,563,4793.94,60,79.9,0.0666,2,11.3,0
155,18,M,Casado,2,4125.23,829,18421.37,60,307.02,0.0744,0,16.3,0
156,22,M,Solteiro,0,4700.82,944,18327.77,12,1527.31,0.3249,1,8.0,0
157,43,M,Solteiro,0,2109.26,398,4823.17,48,100.48,0.0476,0,13.5,0
158,72,F,Solteiro,1,1200.0,917,5067.79,24,211.16,0.176,2,19.8,0
159,31,F,Solteiro,1,2147.92,612,13709.44,24,571.23,0.2659,3,4.9,0
160,56,M,Viúvo,2,3770.95,538,7396.91,48,154.1,0.0409,5,8.1,0
161,44,F,Solteiro,2,1227.4,858,2480.78,60,41.35,0.0337,2,9.9,0
162,26,F,Divorciado,1,3327.63,628,12665.0,60,211.08,0.0634,2,3.2,0
163,32,F,Solteiro,0,2953.7,982,22510.79,36,625.3,0.2117,0,2.1,0
164,32,F,Casado,4,4219.93,338,24668.54,24,1027.86,0.2436,0,16.7,1
165,43,F,Casado,1,3202.7,892,18932.3,48,394.42,0.1232,0,19.5,0
166,59,M,Casado,1,1662.63,741,6405.25,24,266.89,0.1605,2,8.4,1
167,30,M,Casado,0,6111.59,256,32750.76,36,909.74,0.1489,3,2.2,0
168,68,M,Casado,2,2710.48,431,4244.21,24,176.84,0.0652,0,1.8,0
169,49,F,Solteiro,2,2932.52,857,16523.65,36,458.99,0.1565,3,17.9,0
170,56,F,Divorciado,0,1702.82,634,12662.79,24,527.62,0.3099,1,9.5,0
171,66,M,Divorciado,0,2284.79,583,12524.6,24,521.86,0.2284,1,6.7,0
172,69,F,Viúvo,2,1753.06,759,12585.29,60,209.75,0.1196,0,9.8,0
173,49,M,Solteiro,2,2687.14,393,16675.92,12,1389.66,0.5172,0,6.7,1
174,21,M,Casado,0,8325.06,935,19011.35,36,528.09,0.0634,1,10.0,0
175,47,M,Divorciado,4,1308.79,847,9640.48,24,401.69,0.3069,1,17.3,0
176,54,F,Solteiro,0,1200.0,733,2318.26,12,193.19,0.161,0,12.0,0
177,40,F,Solteiro,1,7206.24,717,35820.7,12,2985.06,0.4142,1,14.0,0
178,56,M,Casado,3,2629.12,915,6372.7,24,265.53,0.101,2,7.6,0
179,62,M,Casado,1,1995.31,950,3144.79,48,65.52,0.0328,2,14.9,0
180,32,M,Divorciado,2,5563.28,384,23606.24,24,983.59,0.1768,3,13.5,0
181,60,M,Solteiro,1,2072.75,491,7084.17,60,118.07,0.057,0,2.8,0
182,46,F,Casado,0,8916.03,534,41539.81,36,1153.88,0.1294,0,11.7,0
183,53,F,Solteiro,4,4477.21,931,23513.41,36,653.15,0.1459,1,5.5,0
184,30,M,Solteiro,1,2224.42,315,3969.04,36,110.25,0.0496,0,16.2,0
185,49,M,Solteiro,3,10876.77,248,25011.37,36,694.76,0.0639,0,8.8,0
186,24,F,Divorciado,0,2072.62,884,10634.98,48,221.56,0.1069,0,19.9,0
187,68,F,Casado,0,4652.95,281,17358.24,24,723.26,0.1554,0,2.3,1
188,39,M,Casado,0,3567.34,532,22258.87,24,927.45,0.26,0,15.7,0
189,45,M,Casado,2,6509.67,756,37364.83,48,778.43,0.1196,0,13.6,0
190,19,M,Divorciado,1,7607.63,534,53226.24,60,887.1,0.1166,0,15.5,0
191,59,F,Casado,3,3038.75,731,18236.16,48,379.92,0.125,0,6.5,0
192,62,F,Divorciado,1,1896.85,420,8146.12,36,226.28,0.1193,1,10.1,1
193,74,F,Casado,4,3928.38,834,23076.42,48,480.76,0.1224,1,16.0,0
194,70,M,Casado,0,1984.99,945,6530.57,36,181.4,0.0914,1,5.0,0
195,23,M,Casado,3,9976.95,932,34829.91,36,967.5,0.097,0,4.9,0
196,45,F,Solteiro,2,3235.44,522,21445.8,24,893.58,0.2762,0,11.2,0
197,45,F,Casado,2,2394.21,202,10538.66,36,292.74,0.1223,1,10.7,0
198,61,M,Casado,3,3330.27,893,22277.75,24,928.24,0.2787,1,6.0,0
199,61,F,Solteiro,2,1328.39,405,9093.82,24,378.91,0.2852,0,6.3,0
200,37,F,Divorciado,2,1664.09,239,11772.03,48,245.25,0.1474,0,5.9,0
201,47,M,Casado,0,6125.7,258,45686.26,24,1903.59,0.3108,3,15.5,0
202,28,F,Casado,0,2009.95,773,8645.61,12,720.47,0.3585,0,13.2,0
203,72,M,Divorciado,3,1590.58,843,5682.56,12,473.55,0.2977,0,16.7,0
204,45,M,Casado,2,4113.34,706,21736.09,60,362.27,0.0881,1,19.5,0
205,42,M,Solteiro,2,6071.87,771,23756.92,36,659.91,0.1087,0,9.7,0
206,56,M,Divorciado,1,4588.79,321,24811.51,36,689.21,0.1502,0,1.8,1
207,50,M,Casado,0,5418.79,678,32980.43,48,687.09,0.1268,0,1.4,0
208,18,M,Solteiro,0,1893.01,818,11310.04,48,235.63,0.1245,2,6.3,0
209,74,M,Solteiro,2,1270.18,295,4997.64,24,208.24,0.1639,0,18.7,0
210,44,F,Casado,1,7337.84,613,18965.32,36,526.81,0.0718,0,10.7,0
211,74,M,Casado,0,2456.25,434,10558.04,48,219.96,0.0896,0,5.8,0
212,69,M,Casado,1,2564.45,261,6223.57,36,172.88,0.0674,2,8.3,1
213,30,F,Divorciado,0,6613.82,455,48185.85,24,2007.74,0.3036,0,12.2,1
214,58,F,Casado,2,4161.95,760,15599.84,48,325.0,0.0781,5,13.2,0
215,20,F,Solteiro,0,3918.77,547,9812.55,36,272.57,0.0696,0,3.5,0
216,56,M,Solteiro,2,10927.1,870,18198.11,24,758.25,0.0694,5,19.6,0
217,23,F,Solteiro,1,2026.14,323,11544.63,36,320.68,0.1583,3,11.1,0
218,25,M,Casado,1,5201.51,681,29335.81,12,2444.65,0.47,0,3.1,1
219,44,M,Solteiro,0,3084.69,516,11456.31,12,954.69,0.3095,0,17.9,0
220,26,M,Casado,0,3502.23,703,6885.83,48,143.45,0.041,0,2.0,0
221,54,M,Casado,1,7458.29,918,31045.79,12,2587.15,0.3469,0,18.2,0
222,50,F,Divorciado,1,4042.83,247,14242.54,36,395.63,0.0979,1,19.9,0
223,68,F,Solteiro,2,4117.4,608,24297.95,36,674.94,0.1639,0,14.2,0
224,59,M,Divorciado,0,5673.18,335,30848.29,12,2570.69,0.4531,0,15.5,0
225,61,M,Solteiro,2,2394.74,400,9267.31,60,154.46,0.0645,0,7.1,0
226,41,M,Divorciado,3,1801.68,449,5254.24,24,218.93,0.1215,3,18.9,0
227,32,F,Solteiro,2,1592.59,513,12616.87,24,525.7,0.3301,0,10.8,0
228,71,M,Casado,0,1200.0,567,5341.21,24,222.55,0.1855,0,14.8,0
229,49,M,Casado,1,10236.59,628,61151.16,24,2547.96,0.2489,0,18.5,0
230,49,F,Solteiro,0,1537.75,679,3711.5,12,309.29,0.2011,3,19.5,0
231,41,F,Solteiro,0,2610.37,513,12154.75,48,253.22,0.097,1,16.7,0
232,58,M,Casado,4,2524.79,699,4239.09,60,70.65,0.028,0,6.4,0
233,69,F,Casado,0,3584.75,920,17154.67,24,714.78,0.1994,0,19.3,0
234,66,F,Casado,1,4863.15,554,37767.77,36,1049.1,0.2157,0,12.7,0
235,66,M,Casado,2,4995.46,684,19968.57,48,416.01,0.0833,0,18.6,0
236,69,F,Casado,2,2100.97,410,3684.0,48,76.75,0.0365,4,13.7,0
237,29,M,Solteiro,2,2696.55,903,4587.4,36,127.43,0.0473,2,6.5,0
238,56,F,Solteiro,0,3531.75,243,14204.39,24,591.85,0.1676,0,7.7,0
239,19,M,Solteiro,1,2567.75,740,6522.5,24,271.77,0.1058,2,11.2,0
240,20,M,Divorciado,1,7819.75,770,12916.57,48,269.1,0.0344,0,15.9,0
241,66,M,Casado,0,4002.14,782,25675.28,48,534.9,0.1337,1,6.7,0
242,54,F,Casado,1,4632.85,291,20757.02,24,864.88,0.1867,2,11.8,1
243,66,M,Casado,0,4436.98,464,14997.4,24,624.89,0.1408,0,7.2,0
244,73,F,Divorciado,0,6027.48,419,44305.24,60,738.42,0.1225,2,16.4,0
245,34,M,Solteiro,1,3322.97,641,7492.98,48,156.1,0.047,0,9.6,0
246,66,M,Casado,0,1369.09,600,10560.44,60,176.01,0.1286,0,2.0,0
247,19,F,Casado,2,3788.83,599,13415.43,48,279.49,0.0738,0,3.7,0
248,19,M,Casado,2,2016.64,926,14670.3,24,611.26,0.3031,0,1.7,0
249,45,M,Solteiro,3,2170.75,988,11763.57,36,326.77,0.1505,1,10.2,0
250,71,F,Divorciado,0,4237.88,775,29129.48,36,809.15,0.1909,4,2.6,1
251,40,M,Divorciado,0,6266.48,689,49480.66,12,4123.39,0.658,1,2.7,0
252,54,M,Casado,0,3019.25,684,10188.87,36,283.02,0.0937,2,18.9,1
253,49,M,Casado,2,3587.82,956,27796.21,48,579.09,0.1614,2,17.5,0
254,50,M,Divorciado,2,8277.77,669,33372.93,24,1390.54,0.168,0,9.3,0
255,18,F,Casado,0,3444.22,773,13796.95,48,287.44,0.0835,0,19.7,0
256,36,F,Solteiro,3,14200.18,881,52718.4,36,1464.4,0.1031,0,0.5,0
257,19,M,Casado,0,4185.18,644,21006.04,60,350.1,0.0837,1,12.5,0
258,70,F,Casado,1,1200.0,468,3002.33,12,250.19,0.2085,4,12.5,0
259,61,M,Casado,2,4684.46,466,23886.65,24,995.28,0.2125,0,9.4,0
260,43,F,Casado,3,3746.94,253,18813.69,36,522.6,0.1395,1,8.2,0
261,49,M,Divorciado,2,6463.02,727,41701.74,24,1737.57,0.2688,1,9.4,0
262,23,M,Divorciado,3,4464.48,719,30888.51,48,643.51,0.1441,1,8.6,0
263,49,M,Casado,1,2743.33,815,11968.79,48,249.35,0.0909,0,14.7,0
264,72,M,Solteiro,3,1429.99,258,4955.15,12,412.93,0.2888,0,3.1,0
265,21,M,Viúvo,0,2629.6,239,8377.06,36,232.7,0.0885,0,4.4,0
266,72,M,Divorciado,3,1789.49,436,4948.04,36,137.45,0.0768,0,4.0,1
267,28,F,Solteiro,1,2104.19,585,3944.74,24,164.36,0.0781,0,5.6,1
268,73,M,Divorciado,3,4243.51,805,15810.94,60,263.52,0.0621,1,10.7,0
269,34,F,Divorciado,1,8118.84,933,26439.9,48,550.83,0.0678,0,2.7,0
270,55,M,Casado,2,3777.44,915,29394.95,36,816.53,0.2162,3,17.4,0
271,41,F,Casado,1,1454.58,849,7454.88,48,155.31,0.1068,0,6.3,0
272,22,F,Casado,2,3892.32,499,14624.62,36,406.24,0.1044,1,3.7,0
273,69,F,Solteiro,0,6111.81,594,32227.81,60,537.13,0.0879,0,13.7,0
274,51,M,Solteiro,0,2067.57,406,4972.05,36,138.11,0.0668,1,1.2,0
275,23,M,Divorciado,0,2750.64,535,12065.09,48,251.36,0.0914,4,12.6,0
276,39,F,Solteiro,0,3007.35,792,16752.51,48,349.01,0.1161,0,14.1,0
277,28,M,Solteiro,3,1861.36,929,8707.14,24,362.8,0.1949,0,4.7,0
278,65,F,Casado,0,4398.28,713,18083.8,48,376.75,0.0857,2,1.3,0
279,33,M,Casado,4,2772.3,377,22067.55,24,919.48,0.3317,0,7.6,0
280,50,F,Divorciado,1,3834.21,595,27690.84,24,1153.79,0.3009,0,2.4,0
281,26,F,Solteiro,0,1750.23,570,9717.52,24,404.9,0.2313,0,2.8,0
282,23,M,Solteiro,2,2292.79,990,11924.69,60,198.74,0.0867,0,5.5,0
283,33,F,Casado,2,4598.24,857,25448.01,48,530.17,0.1153,1,6.3,0
284,46,M,Casado,1,2383.44,517,6693.96,48,139.46,0.0585,0,10.8,0
285,20,F,Solteiro,2,8401.61,935,34181.07,48,712.11,0.0848,3,13.7,0
286,37,F,Casado,2,2345.42,568,4119.7,36,114.44,0.0488,2,12.1,0
287,53,M,Solteiro,0,3411.17,583,15660.85,60,261.01,0.0765,1,3.4,0
288,36,M,Solteiro,4,5216.36,261,26236.52,36,728.79,0.1397,1,3.9,0
289,43,M,Casado,4,1272.81,704,3793.45,24,158.06,0.1242,2,17.6,0
290,20,F,Casado,2,1200.0,438,9319.43,24,388.31,0.3236,0,11.4,0
291,36,M,Divorciado,0,1200.0,394,8893.75,48,185.29,0.1544,3,17.5,0
292,37,F,Casado,2,6358.52,877,39384.23,48,820.5,0.129,2,7.7,0
293,49,F,Casado,0,2140.69,421,10632.84,24,443.04,0.207,1,12.5,0
294,24,M,Casado,0,13834.48,260,98982.93,12,8248.58,0.5962,1,10.7,0
295,69,M,Solteiro,0,2124.84,328,4991.76,48,104.0,0.0489,0,6.7,1
296,58,F,Casado,1,3330.01,884,22105.65,12,1842.14,0.5532,0,9.7,0
297,50,F,Solteiro,3,7519.58,355,17380.27,48,362.09,0.0482,2,10.3,1
298,57,M,Viúvo,2,9933.38,577,66179.85,60,1103.0,0.111,0,4.4,0
299,56,M,Solteiro,2,10269.18,821,33811.16,36,939.2,0.0915,2,6.6,0
300,35,M,Casado,1,6155.0,980,44322.7,24,1846.78,0.3,0,15.9,0
301,57,M,Solteiro,1,5510.65,989,42080.83,48,876.68,0.1591,0,18.4,0
302,18,M,Viúvo,1,4253.58,785,10494.32,48,218.63,0.0514,0,7.5,0
303,28,F,Casado,4,4755.31,636,21434.04,36,595.39,0.1252,0,6.5,0
304,45,F,Casado,0,2141.56,406,16867.82,60,281.13,0.1313,0,4.3,0
305,74,F,Solteiro,3,1824.54,587,8469.79,12,705.82,0.3868,0,13.7,0
306,42,F,Casado,2,2974.93,679,21160.85,36,587.8,0.1976,5,6.8,0
307,67,M,Solteiro,1,2691.59,990,14337.44,48,298.7,0.111,1,19.8,0
308,40,M,Divorciado,2,2271.2,539,8947.72,48,186.41,0.0821,0,6.9,0
309,48,M,Solteiro,1,4527.08,539,15200.09,24,633.34,0.1399,1,8.2,0
310,47,F,Solteiro,3,5287.94,403,14917.01,48,310.77,0.0588,3,12.3,1
311,59,F,Solteiro,3,3143.35,360,20279.91,36,563.33,0.1792,1,16.1,0
312,52,M,Casado,1,7233.79,739,29025.68,24,1209.4,0.1672,0,9.7,0
313,24,M,Casado,0,1502.65,591,7247.72,12,603.98,0.4019,3,8.7,0
314,33,F,Solteiro,2,2653.95,968,12473.87,48,259.87,0.0979,2,19.9,0
315,43,F,Casado,3,1938.96,876,10184.03,24,424.33,0.2188,0,0.7,0
316,65,M,Casado,0,1200.0,774,8551.5,24,356.31,0.2969,0,18.0,0
317,74,M,Casado,2,2836.69,733,22338.38,24,930.77,0.3281,1,3.4,0
318,69,F,Casado,2,2770.97,269,11497.58,48,239.53,0.0864,0,15.8,0
319,66,M,Casado,2,7391.38,604,50844.36,36,1412.34,0.1911,2,12.5,0
320,19,M,Casado,0,4352.42,807,28157.68,48,586.62,0.1348,0,7.2,0
321,18,M,Solteiro,2,1612.41,874,8429.58,24,351.23,0.2178,3,17.5,0
322,65,F,Solteiro,3,9067.53,790,69949.71,36,1943.05,0.2143,1,0.8,0
323,29,F,Divorciado,0,6201.96,716,17384.62,36,482.91,0.0779,0,4.9,0
324,22,F,Divorciado,0,4227.05,319,9342.7,48,194.64,0.046,0,11.6,0
325,54,F,Casado,4,2602.19,889,18347.4,60,305.79,0.1175,1,7.4,0
326,49,F,Solteiro,0,1676.29,887,7299.36,12,608.28,0.3629,2,12.4,0
327,72,F,Casado,3,2384.34,416,16703.01,36,463.97,0.1946,2,1.0,1
328,26,F,Casado,1,5728.73,255,41848.87,12,3487.41,0.6088,0,2.8,0
329,58,M,Solteiro,0,9234.96,565,17601.6,36,488.93,0.0529,0,3.0,0
330,52,M,Solteiro,3,7524.7,898,54497.8,24,2270.74,0.3018,0,4.2,0
331,36,M,Casado,1,2223.17,703,9813.24,24,408.88,0.1839,1,9.5,0
332,65,M,Casado,1,1522.68,943,7335.98,24,305.67,0.2007,0,15.2,0
333,33,M,Solteiro,1,3243.9,966,18077.77,36,502.16,0.1548,0,18.2,0
334,20,M,Solteiro,2,1200.0,654,9025.78,24,376.07,0.3134,1,16.8,0
335,37,M,Solteiro,0,3618.81,303,5877.87,48,122.46,0.0338,3,4.3,0
336,41,F,Casado,1,2728.31,276,12548.81,36,348.58,0.1278,0,9.1,0
337,71,F,Solteiro,4,2253.81,429,13455.68,12,1121.31,0.4975,0,4.4,0
338,73,M,Solteiro,0,1200.0,457,7437.11,48,154.94,0.1291,1,5.7,0
339,50,M,Casado,2,4056.84,463,24346.97,24,1014.46,0.2501,1,10.3,0
340,41,F,Solteiro,1,2165.44,530,5140.38,36,142.79,0.0659,0,1.8,0
341,69,M,Casado,2,1477.42,381,5091.29,36,141.42,0.0957,3,4.8,0
342,28,M,Solteiro,0,1200.0,967,4597.98,24,191.58,0.1597,2,18.7,0
343,66,F,Solteiro,4,2932.15,749,19729.97,12,1644.16,0.5607,0,9.6,0
344,25,M,Solteiro,1,8633.03,887,28592.07,24,1191.34,0.138,0,9.2,0
345,53,F,Casado,0,8076.84,226,23177.16,60,386.29,0.0478,0,0.8,0
346,55,M,Divorciado,0,2265.93,475,17500.71,36,486.13,0.2145,2,5.3,0
347,57,F,Divorciado,0,2076.99,851,3235.14,36,89.86,0.0433,0,17.4,0
348,37,F,Casado,1,3949.19,498,31537.58,36,876.04,0.2218,1,3.7,0
349,52,F,Casado,1,1637.57,998,9660.58,24,402.52,0.2458,1,8.6,0
350,65,M,Solteiro,3,3572.69,290,24598.15,36,683.28,0.1913,0,0.8,0
351,42,F,Solteiro,1,4720.4,679,16120.29,48,335.84,0.0711,1,9.8,0
352,52,M,Divorciado,0,6223.95,772,9915.06,12,826.26,0.1328,4,0.9,0
353,42,M,Solteiro,2,2807.1,657,17673.93,24,736.41,0.2623,0,16.5,0
354,46,M,Solteiro,2,2638.05,650,18260.42,24,760.85,0.2884,0,16.6,0
355,35,M,Solteiro,0,1760.25,564,11112.63,36,308.68,0.1754,0,15.9,0
356,63,F,Solteiro,0,1815.06,874,4407.92,60,73.47,0.0405,3,6.0,0
357,35,F,Solteiro,0,2602.2,550,16647.01,12,1387.25,0.5331,4,16.8,0
358,19,M,Casado,2,3716.06,854,24146.95,36,670.75,0.1805,0,11.1,0
359,71,M,Casado,2,5157.21,599,29811.32,24,1242.14,0.2409,2,7.8,0
360,52,F,Divorciado,1,1841.05,452,11929.55,60,198.83,0.108,0,12.7,0
361,33,M,Divorciado,3,7299.88,980,51088.13,12,4257.34,0.5832,0,0.7,0
362,58,F,Solteiro,3,2533.42,658,13904.49,36,386.24,0.1525,0,3.3,0
363,53,M,Solteiro,2,2942.98,898,6109.42,48,127.28,0.0432,0,15.0,0
364,50,M,Casado,3,1903.93,698,8890.55,48,185.22,0.0973,0,5.3,0
365,21,F,Casado,0,1200.0,707,2405.66,36,66.82,0.0557,1,12.2,0
366,50,M,Solteiro,0,5066.61,503,21021.52,24,875.9,0.1729,0,8.0,0
367,31,F,Casado,0,4638.31,700,19231.32,24,801.3,0.1728,3,17.2,0
368,38,M,Casado,0,2517.96,797,4857.31,24,202.39,0.0804,0,19.1,0
369,65,M,Casado,1,3103.22,365,11690.86,24,487.12,0.157,0,17.7,0
370,37,M,Casado,3,4062.54,614,9024.88,36,250.69,0.0617,0,5.8,0
371,73,F,Solteiro,0,1200.0,661,8104.23,24,337.68,0.2814,1,4.3,0
372,25,M,Divorciado,0,2170.19,313,16623.6,24,692.65,0.3192,0,9.8,0
373,24,M,Casado,1,4800.9,632,9458.05,36,262.72,0.0547,0,0.6,0
374,20,M,Solteiro,3,1404.49,555,10826.16,60,180.44,0.1285,4,1.0,1
375,34,M,Divorciado,1,3555.09,894,17408.38,36,483.57,0.136,0,11.3,0
376,50,F,Casado,1,1320.88,406,4553.31,12,379.44,0.2873,0,10.6,0
377,65,F,Divorciado,0,3943.63,967,7885.7,12,657.14,0.1666,2,19.9,0
378,29,M,Casado,0,2917.89,434,13871.82,60,231.2,0.0792,0,4.4,0
379,68,F,Casado,4,1200.0,641,7997.22,24,333.22,0.2777,0,5.5,0
380,39,M,Solteiro,4,5995.97,554,36551.81,12,3045.98,0.508,0,2.7,1
381,72,M,Solteiro,0,1918.4,714,3503.9,36,97.33,0.0507,0,18.4,0
382,39,M,Casado,4,1833.26,407,3618.6,36,100.52,0.0548,0,15.7,1
383,63,F,Casado,2,3362.17,908,13847.69,36,384.66,0.1144,0,16.5,0
384,47,F,Solteiro,3,5938.33,324,20305.46,24,846.06,0.1425,0,18.1,0
385,55,F,Solteiro,1,1620.53,337,4878.6,12,406.55,0.2509,0,10.7,0
386,55,F,Divorciado,1,3093.34,538,10290.09,60,171.5,0.0554,2,9.3,0
387,62,F,Viúvo,1,3855.63,736,25920.0,24,1080.0,0.2801,0,6.9,0
388,68,F,Casado,2,4518.17,267,34066.92,36,946.3,0.2094,0,12.0,0
389,71,F,Solteiro,0,3313.85,772,13696.7,48,285.35,0.0861,3,9.4,0
390,25,F,Solteiro,0,2391.76,740,17674.44,36,490.96,0.2053,1,9.3,0
391,44,F,Solteiro,1,1814.28,582,6512.76,24,271.36,0.1496,0,18.8,0
392,44,M,Divorciado,2,3139.08,218,14429.85,24,601.24,0.1915,4,19.7,1
393,51,F,Solteiro,0,1566.68,882,4651.77,36,129.22,0.0825,0,16.0,0
394,38,F,Casado,2,1200.0,649,6795.71,48,141.58,0.118,0,15.3,0
395,47,F,Solteiro,4,3873.59,273,30459.5,60,507.66,0.1311,2,13.8,1
396,50,F,Casado,0,5127.44,772,27804.6,12,2317.05,0.4519,0,3.7,0
397,45,F,Casado,2,1200.0,864,4590.95,24,191.29,0.1594,0,1.7,0
398,64,F,Divorciado,1,1626.46,475,9288.41,60,154.81,0.0952,0,14.0,0
399,50,F,Solteiro,3,4322.08,247,9936.39,48,207.01,0.0479,0,14.7,0
400,22,F,Solteiro,0,10244.51,410,74541.96,48,1552.96,0.1516,0,1.4,0
401,65,F,Solteiro,2,3018.38,850,14397.81,24,599.91,0.1988,3,18.6,0
402,36,F,Divorciado,3,1926.0,821,8514.41,36,236.51,0.1228,0,2.3,0
403,21,F,Divorciado,3,2671.14,894,14178.73,48,295.39,0.1106,3,6.1,0
404,52,M,Casado,2,6801.69,739,37824.84,36,1050.69,0.1545,1,13.6,0
405,66,M,Casado,1,2023.17,908,3978.65,36,110.52,0.0546,2,3.8,0
406,34,F,Casado,2,1845.46,390,10956.52,12,913.04,0.4947,1,1.6,0
407,61,F,Solteiro,3,2231.33,514,6855.89,36,190.44,0.0853,1,7.0,0
408,45,M,Divorciado,2,1682.44,762,10331.35,24,430.47,0.2559,0,15.4,0
409,47,F,Casado,0,3208.64,860,21967.88,36,610.22,0.1902,0,8.6,0
410,46,M,Casado,3,7901.49,979,53143.29,60,885.72,0.1121,0,13.2,0
411,63,M,Casado,2,3618.62,761,18423.32,24,767.64,0.2121,2,11.8,0
412,70,M,Solteiro,2,2562.11,957,12505.93,48,260.54,0.1017,2,0.9,0
413,23,M,Solteiro,0,2502.17,312,6077.0,24,253.21,0.1012,0,19.8,1
414,52,M,Casado,2,1200.0,369,7847.7,36,217.99,0.1817,0,1.3,0
415,58,F,Solteiro,1,5063.77,667,16528.96,60,275.48,0.0544,0,19.4,0
416,54,M,Casado,2,2844.94,877,13452.36,12,1121.03,0.394,1,11.2,0
417,41,F,Solteiro,0,2675.02,213,8955.38,12,746.28,0.279,0,19.3,1
418,46,F,Casado,2,20249.08,914,47987.98,36,1333.0,0.0658,2,2.7,0
419,66,M,Solteiro,4,3566.19,487,19942.58,12,1661.88,0.466,5,10.1,0
420,63,M,Casado,0,1898.7,388,3518.59,48,73.3,0.0386,0,3.8,1
421,70,F,Casado,4,2308.11,354,14693.88,60,244.9,0.1061,0,1.5,0
422,48,M,Solteiro,1,5937.64,766,21163.61,36,587.88,0.099,0,12.5,0
423,52,M,Casado,3,3190.59,893,4788.68,24,199.53,0.0625,0,4.6,0
424,50,F,Casado,2,1257.69,921,6065.01,36,168.47,0.134,0,12.0,0
425,69,F,Casado,2,5174.7,670,9337.94,48,194.54,0.0376,0,2.7,0
426,38,M,Divorciado,2,1996.43,274,6578.44,12,548.2,0.2746,3,7.0,0
427,49,F,Casado,3,9172.62,476,55910.3,36,1553.06,0.1693,0,15.7,0
428,40,M,Solteiro,1,5698.9,844,10870.55,36,301.96,0.053,0,9.0,0
429,50,M,Solteiro,1,2279.26,542,15853.85,36,440.38,0.1932,3,12.7,0
430,20,M,Solteiro,2,6429.23,624,9803.48,24,408.48,0.0635,2,13.1,0
431,35,F,Casado,3,3104.83,770,9638.49,48,200.8,0.0647,0,17.0,0
432,42,F,Solteiro,2,4972.43,710,31405.25,12,2617.1,0.5263,1,6.8,0
433,59,F,Casado,2,3987.18,381,14177.44,24,590.73,0.1482,0,13.9,0
434,48,F,Casado,1,1793.97,657,3879.1,48,80.81,0.045,2,19.3,0
435,71,F,Solteiro,3,2026.1,263,7783.3,48,162.15,0.08,1,14.7,0
436,20,M,Casado,0,5530.18,459,18014.87,12,1501.24,0.2715,1,10.1,0
437,57,M,Solteiro,1,2438.49,392,17014.87,24,708.95,0.2907,0,12.8,0
438,63,M,Solteiro,0,2339.78,854,8275.24,24,344.8,0.1474,2,14.9,0
439,41,M,Casado,1,1680.63,815,11139.32,24,464.14,0.2762,0,12.4,0
440,67,F,Casado,1,3843.58,605,28047.25,24,1168.64,0.304,0,0.8,0
441,49,M,Casado,1,10275.47,925,44388.11,12,3699.01,0.36,0,4.3,0
442,64,F,Casado,2,1571.02,953,11648.53,36,323.57,0.206,0,16.3,0
443,39,M,Solteiro,1,3024.59,920,11954.9,48,249.06,0.0823,0,5.8,0
444,40,F,Divorciado,1,6955.81,292,54022.37,36,1500.62,0.2157,2,14.8,0
445,19,F,Casado,0,2841.86,629,5912.15,36,164.23,0.0578,4,7.8,1
446,44,M,Casado,1,3910.51,853,23328.64,12,1944.05,0.4971,0,10.7,0
447,59,M,Solteiro,0,1575.87,633,7422.02,60,123.7,0.0785,0,1.8,0
448,19,M,Casado,0,3854.45,603,15493.8,48,322.79,0.0837,0,4.0,0
449,43,M,Casado,2,2664.34,633,14953.95,48,311.54,0.1169,0,19.2,0
450,34,F,Solteiro,2,5385.35,311,32716.38,48,681.59,0.1266,0,17.9,0
451,57,M,Divorciado,2,6078.0,574,9289.38,60,154.82,0.0255,3,13.2,0
452,50,M,Solteiro,1,14097.29,258,36444.24,36,1012.34,0.0718,0,9.5,0
453,26,F,Viúvo,1,4220.8,242,25893.76,24,1078.91,0.2556,0,13.7,0
454,60,M,Casado,3,3624.52,406,21136.41,36,587.12,0.162,0,12.6,0
455,71,M,Solteiro,1,3349.72,979,26058.51,48,542.89,0.1621,2,11.6,0
456,65,M,Casado,1,2411.73,495,15547.81,48,323.91,0.1343,1,1.7,0
457,56,M,Divorciado,0,3652.22,317,28049.13,36,779.14,0.2133,4,12.8,1
458,46,M,Casado,1,2496.78,731,15146.75,12,1262.23,0.5055,2,15.5,0
459,59,F,Divorciado,1,3298.02,421,11336.41,24,472.35,0.1432,0,19.9,0
460,72,M,Casado,1,6571.9,365,14358.76,60,239.31,0.0364,0,0.7,0
461,43,M,Casado,2,1629.57,842,10725.59,36,297.93,0.1828,1,14.7,0
462,52,M,Divorciado,1,5907.2,355,33594.07,36,933.17,0.158,0,11.6,0
463,67,M,Solteiro,2,6570.0,383,11912.78,24,496.37,0.0756,1,9.0,0
464,42,M,Casado,2,2777.09,289,10664.94,24,444.37,0.16,0,3.0,0
465,41,F,Solteiro,3,1200.0,293,9263.04,48,192.98,0.1608,0,8.5,0
466,30,M,Viúvo,2,2070.01,212,9837.94,36,273.28,0.132,0,7.4,0
467,24,F,Divorciado,4,6491.16,941,27994.68,48,583.22,0.0898,1,6.4,0
468,74,F,Solteiro,0,2940.34,637,13158.16,36,365.5,0.1243,2,14.8,0
469,53,M,Casado,0,1636.67,737,4677.17,36,129.92,0.0794,0,14.2,0
470,62,M,Divorciado,0,2202.03,786,8580.42,24,357.52,0.1624,0,12.0,0
471,37,M,Solteiro,2,4936.3,349,19270.26,48,401.46,0.0813,0,18.8,0
472,18,M,Casado,3,4138.3,859,7615.75,36,211.55,0.0511,0,7.3,0
473,25,F,Divorciado,0,2582.83,207,16760.47,36,465.57,0.1803,0,5.3,1
474,63,M,Solteiro,3,2392.05,228,10064.02,36,279.56,0.1169,0,13.3,0
475,33,M,Casado,0,2356.53,495,16128.49,60,268.81,0.1141,0,4.4,0
476,31,M,Solteiro,3,1713.95,920,12044.38,12,1003.7,0.5856,0,6.6,0
477,29,M,Divorciado,1,7857.51,839,22613.61,48,471.12,0.06,0,4.9,0
478,68,M,Viúvo,0,2456.78,539,14182.49,24,590.94,0.2405,0,1.8,0
479,40,M,Divorciado,1,6187.55,827,28276.06,36,785.45,0.1269,0,16.6,0
480,32,F,Casado,0,7426.35,638,53625.81,12,4468.82,0.6018,0,5.5,0
481,45,F,Divorciado,0,5426.16,343,15748.42,24,656.18,0.1209,0,9.7,0
482,51,M,Divorciado,1,2300.84,946,13588.27,36,377.45,0.164,1,1.3,0
483,19,M,Solteiro,3,3798.03,718,20700.74,12,1725.06,0.4542,0,14.1,0
484,49,M,Divorciado,1,2937.99,244,10046.34,36,279.06,0.095,0,6.9,0
485,40,F,Solteiro,1,1733.29,438,4138.93,60,68.98,0.0398,0,15.0,0
486,39,M,Casado,2,3621.4,354,20771.11,12,1730.93,0.478,1,8.5,0
487,68,F,Solteiro,2,1469.35,380,9258.2,48,192.88,0.1313,3,4.3,0
488,42,M,Solteiro,0,6079.07,414,21590.29,36,599.73,0.0987,2,10.5,0
489,39,M,Solteiro,1,2255.73,287,12838.29,36,356.62,0.1581,1,3.0,1
490,39,M,Casado,0,3363.36,455,13683.33,24,570.14,0.1695,0,9.1,0
491,66,M,Solteiro,0,3533.25,710,21679.47,24,903.31,0.2557,1,6.7,0
492,69,F,Casado,2,2552.06,272,7132.75,24,297.2,0.1165,1,18.3,0
493,59,F,Solteiro,0,4238.72,378,30885.0,12,2573.75,0.6072,0,1.7,0
494,23,M,Solteiro,1,2241.85,411,7550.91,24,314.62,0.1403,0,14.0,0
495,32,M,Casado,2,5028.0,433,19561.98,36,543.39,0.1081,0,4.1,0
496,71,F,Casado,0,1329.31,664,2495.91,48,52.0,0.0391,3,6.7,0
497,60,F,Solteiro,2,3215.79,950,7154.58,48,149.05,0.0463,0,8.6,0
498,54,F,Casado,0,9541.04,422,46303.64,36,1286.21,0.1348,1,18.2,0
499,50,F,Divorciado,4,1635.66,830,5298.48,12,441.54,0.2699,0,5.2,0
500,25,M,Casado,1,1984.96,463,13757.01,24,573.21,0.2888,0,2.3,0
